#sample_ID,forwardBarcodeSequence,reverseBarcodeSequence,LibraryNumber,Direction,LibraryName,ProjectName,Region,Location,Diet,Timepoint,Diet_Timepoint,Block,Cow,Cow_names,Time,Description,Samples,Day10,Day0,Day17,Daytentoseventeen,Day0_10,Day0_17
4.4.0c,GTCAACGT,GTCAACGT,1,p,"NG-7975_Jueeli1_combined_1_1.fastq, NG-7975_Jueeli1_combined_1_2.fastq  ",miseq_repeatbac,V1-V2,Netherlands,1,Day0,1_Day0,Block 4,26,Cow26,0,4.4.0c,keep,notkeep,keep,notkeep,notkeep,keep,keep
4.4.10a,GCCTCATC,GCCTCATC,1,p,"NG-7975_Jueeli1_combined_1_1.fastq, NG-7975_Jueeli1_combined_1_2.fastq  ",miseq_repeatbac,V1-V2,Netherlands,4,Day10,4_Day10,Block 4,5243,Cow5243,10,4.4.10a,keep,keep,notkeep,notkeep,keep,keep,notkeep
4.1.17a,TTCTGAAC,TTCTGAAC,1,p,"NG-7975_Jueeli1_combined_1_1.fastq, NG-7975_Jueeli1_combined_1_2.fastq  ",miseq_repeatbac,V1-V2,Netherlands,4,Day17,4_Day17,Block 4,5243,Cow5243,17,4.1.17a,keep,notkeep,notkeep,keep,keep,notkeep,keep
4.2.17a,GAGTTCAT,GAGTTCAT,1,p,"NG-7975_Jueeli1_combined_1_1.fastq, NG-7975_Jueeli1_combined_1_2.fastq  ",miseq_repeatbac,V1-V2,Netherlands,3,Day17,3_Day17,Block 4,29,Cow29,17,4.2.17a,keep,notkeep,notkeep,keep,keep,notkeep,keep
4.3.17a,CTTCATGG,CTTCATGG,1,p,"NG-7975_Jueeli1_combined_1_1.fastq, NG-7975_Jueeli1_combined_1_2.fastq  ",miseq_repeatbac,V1-V2,Netherlands,1,Day17,1_Day17,Block 4,26,Cow26,17,4.3.17a,keep,notkeep,notkeep,keep,keep,notkeep,keep
4.4.17a,GGTCAGAT,GGTCAGAT,1,p,"NG-7975_Jueeli1_combined_1_1.fastq, NG-7975_Jueeli1_combined_1_2.fastq  ",miseq_repeatbac,V1-V2,Netherlands,2,Day17,2_Day17,Block 4,5349,Cow5349,17,4.4.17a,keep,notkeep,notkeep,keep,keep,notkeep,keep
3.1.0a,CCGTCTGC,CCGTCTGC,1,p,"NG-7975_Jueeli1_combined_1_1.fastq, NG-7975_Jueeli1_combined_1_2.fastq  ",miseq_repeatbac,V1-V2,Netherlands,2,Day0,2_Day0,Block 3,16,Cow16,0,3.1.0a,keep,notkeep,keep,notkeep,notkeep,keep,keep
3.2.10b,GGCCAGTA,GGCCAGTA,1,p,"NG-7975_Jueeli1_combined_1_1.fastq, NG-7975_Jueeli1_combined_1_2.fastq  ",miseq_repeatbac,V1-V2,Netherlands,2,Day10,2_Day10,Block 3,16,Cow16,10,3.2.10b,keep,keep,notkeep,notkeep,keep,keep,notkeep
3.1.17a,GAAGCTCG,GAAGCTCG,1,p,"NG-7975_Jueeli1_combined_1_1.fastq, NG-7975_Jueeli1_combined_1_2.fastq  ",miseq_repeatbac,V1-V2,Netherlands,4,Day17,4_Day17,Block 3,14,Cow14,17,3.1.17a,keep,notkeep,notkeep,keep,keep,notkeep,keep
3.2.17c,AAGATCGT,AAGATCGT,1,p,"NG-7975_Jueeli1_combined_1_1.fastq, NG-7975_Jueeli1_combined_1_2.fastq  ",miseq_repeatbac,V1-V2,Netherlands,2,Day17,2_Day17,Block 3,16,Cow16,17,3.2.17c,keep,notkeep,notkeep,keep,keep,notkeep,keep
3.3.17a,ATATAGGA,ATATAGGA,1,p,"NG-7975_Jueeli1_combined_1_1.fastq, NG-7975_Jueeli1_combined_1_2.fastq  ",miseq_repeatbac,V1-V2,Netherlands,3,Day17,3_Day17,Block 3,5339,Cow5339,17,3.3.17a,keep,notkeep,notkeep,keep,keep,notkeep,keep
7.1.0a,TCCGACCT,TCCGACCT,1,p,"NG-7975_Jueeli1_combined_1_1.fastq, NG-7975_Jueeli1_combined_1_2.fastq  ",miseq_repeatbac,V1-V2,Netherlands,1,Day0,1_Day0,Block 7,15,Cow15,0,7.1.0a,keep,notkeep,keep,notkeep,notkeep,keep,keep
7.2.0c,GTAAGAAG,GTAAGAAG,1,p,"NG-7975_Jueeli1_combined_1_1.fastq, NG-7975_Jueeli1_combined_1_2.fastq  ",miseq_repeatbac,V1-V2,Netherlands,3,Day0,3_Day0,Block 7,4354,Cow4354,0,7.2.0c,keep,notkeep,keep,notkeep,notkeep,keep,keep
7.3.0a,GAACGCTG,GAACGCTG,1,p,"NG-7975_Jueeli1_combined_1_1.fastq, NG-7975_Jueeli1_combined_1_2.fastq  ",miseq_repeatbac,V1-V2,Netherlands,2,Day0,2_Day0,Block 7,511,Cow511,0,7.3.0a,keep,notkeep,keep,notkeep,notkeep,keep,keep
7.1.10a,CATCAGTT,CATCAGTT,1,p,"NG-7975_Jueeli1_combined_1_1.fastq, NG-7975_Jueeli1_combined_1_2.fastq  ",miseq_repeatbac,V1-V2,Netherlands,1,Day10,1_Day10,Block 7,15,Cow15,10,7.1.10a,keep,keep,notkeep,notkeep,keep,keep,notkeep
7.2.10a,ACCGGAAT,ACCGGAAT,1,p,"NG-7975_Jueeli1_combined_1_1.fastq, NG-7975_Jueeli1_combined_1_2.fastq  ",miseq_repeatbac,V1-V2,Netherlands,2,Day10,2_Day10,Block 7,511,Cow511,10,7.2.10a,keep,keep,notkeep,notkeep,keep,keep,notkeep
7.4.10a,ATAAGGTC,ATAAGGTC,2,p,"NG-7975_Jueeli2_combined_1_1.fastq, NG-7975_Jueeli2_combined_1_2.fastq  ",miseq_repeatbac,V1-V2,Netherlands,4,Day10,4_Day10,Block 7,5356,Cow5356,10,7.4.10a,keep,keep,notkeep,notkeep,keep,keep,notkeep
7.1.17a,AATAAGGA,AATAAGGA,2,p,"NG-7975_Jueeli2_combined_1_1.fastq, NG-7975_Jueeli2_combined_1_2.fastq  ",miseq_repeatbac,V1-V2,Netherlands,3,Day17,3_Day17,Block 7,4354,Cow4354,17,7.1.17a,keep,notkeep,notkeep,keep,keep,notkeep,keep
7.2.17a,TACTTATC,TACTTATC,2,p,"NG-7975_Jueeli2_combined_1_1.fastq, NG-7975_Jueeli2_combined_1_2.fastq  ",miseq_repeatbac,V1-V2,Netherlands,2,Day17,2_Day17,Block 7,511,Cow511,17,7.2.17a,keep,notkeep,notkeep,keep,keep,notkeep,keep
7.3.17a,ATCTCAGT,ATCTCAGT,2,p,"NG-7975_Jueeli2_combined_1_1.fastq, NG-7975_Jueeli2_combined_1_2.fastq  ",miseq_repeatbac,V1-V2,Netherlands,4,Day17,4_Day17,Block 7,5356,Cow5356,17,7.3.17a,keep,notkeep,notkeep,keep,keep,notkeep,keep
7.4.17a,CGTCTGAG,CGTCTGAG,2,p,"NG-7975_Jueeli2_combined_1_1.fastq, NG-7975_Jueeli2_combined_1_2.fastq  ",miseq_repeatbac,V1-V2,Netherlands,1,Day17,1_Day17,Block 7,15,Cow15,17,7.4.17a,keep,notkeep,notkeep,keep,keep,notkeep,keep
RF4.1.0a,ATCTCAGT,ATCTCAGT,3,p,"NG-9581_JJS1_lib122449_4549_1_1.fastq, NG-9581_JJS1_lib122449_4549_1_2.fastq",miseq_repeatbac,V1-V2,Netherlands,2,Day0,2_Day0,Block 4,5349,Cow5349,0,RF4.1.0a,keep,notkeep,keep,notkeep,notkeep,keep,keep
RF4.2.0a,ATGTTCCA,ATGTTCCA,3,p,"NG-9581_JJS1_lib122449_4549_1_1.fastq, NG-9581_JJS1_lib122449_4549_1_2.fastq",miseq_repeatbac,V1-V2,Netherlands,3,Day0,3_Day0,Block 4,29,Cow29,0,RF4.2.0a,keep,notkeep,keep,notkeep,notkeep,keep,keep
RF3.1.10a,CCAAGTCA,CCAAGTCA,3,p,"NG-9581_JJS1_lib122449_4549_1_1.fastq, NG-9581_JJS1_lib122449_4549_1_2.fastq",miseq_repeatbac,V1-V2,Netherlands,4,Day10,4_Day10,Block 3,14,Cow14,10,RF3.1.10a,keep,keep,notkeep,notkeep,keep,keep,notkeep
RF4.3.10a,GCCTCATC,GCCTCATC,3,p,"NG-9581_JJS1_lib122449_4549_1_1.fastq, NG-9581_JJS1_lib122449_4549_1_2.fastq",miseq_repeatbac,V1-V2,Netherlands,3,Day10,3_Day10,Block 4,29,Cow29,10,RF4.3.10a,keep,keep,notkeep,notkeep,keep,keep,notkeep
RF4.2.10a,GAGTTCAT,GAGTTCAT,3,p,"NG-9581_JJS1_lib122449_4549_1_1.fastq, NG-9581_JJS1_lib122449_4549_1_2.fastq",miseq_repeatbac,V1-V2,Netherlands,2,Day10,2_Day10,Block 4,5349,Cow5349,10,RF4.2.10a,keep,keep,notkeep,notkeep,keep,keep,notkeep
RF3.3.10a,AGAGATAA,AGAGATAA,3,p,"NG-9581_JJS1_lib122449_4549_1_1.fastq, NG-9581_JJS1_lib122449_4549_1_2.fastq",miseq_repeatbac,V1-V2,Netherlands,3,Day10,3_Day10,Block 3,5339,Cow5339,10,RF3.3.10a,keep,keep,notkeep,notkeep,keep,keep,notkeep
RF7.3.10a,GGTCAGAT,GGTCAGAT,3,p,"NG-9581_JJS1_lib122449_4549_1_1.fastq, NG-9581_JJS1_lib122449_4549_1_2.fastq",miseq_repeatbac,V1-V2,Netherlands,3,Day10,3_Day10,Block 7,4354,Cow4354,10,RF7.3.10a,keep,keep,notkeep,notkeep,keep,keep,notkeep
RF7.4.0a,CCGTCTGC,CCGTCTGC,3,p,"NG-9581_JJS1_lib122449_4549_1_1.fastq, NG-9581_JJS1_lib122449_4549_1_2.fastq",miseq_repeatbac,V1-V2,Netherlands,4,Day0,4_Day0,Block 7,5356,Cow5356,0,RF7.4.0a,keep,notkeep,keep,notkeep,notkeep,keep,keep
RF4.1.10c,GAAGCTCG,GAAGCTCG,3,p,"NG-9581_JJS1_lib122449_4549_1_1.fastq, NG-9581_JJS1_lib122449_4549_1_2.fastq",miseq_repeatbac,V1-V2,Netherlands,1,Day10,1_Day10,Block 4,26,Cow26,10,RF4.1.10c,keep,keep,notkeep,notkeep,keep,keep,notkeep
RF3.3.0a,AAGGTAAG,AAGGTAAG,3,p,"NG-9581_JJS1_lib122449_4549_1_1.fastq, NG-9581_JJS1_lib122449_4549_1_2.fastq",miseq_repeatbac,V1-V2,Netherlands,3,Day0,3_Day0,Block 3,5339,Cow5339,0,RF3.3.0a,keep,notkeep,keep,notkeep,notkeep,keep,keep
RF3.2.0a,AAGATCGT,AAGATCGT,3,p,"NG-9581_JJS1_lib122449_4549_1_1.fastq, NG-9581_JJS1_lib122449_4549_1_2.fastq",miseq_repeatbac,V1-V2,Netherlands,4,Day0,4_Day0,Block 3,14,Cow14,0,RF3.2.0a,keep,notkeep,keep,notkeep,notkeep,keep,keep
RF3.4.17a,ATATAGGA,ATATAGGA,3,p,"NG-9581_JJS1_lib122449_4549_1_1.fastq, NG-9581_JJS1_lib122449_4549_1_2.fastq",miseq_repeatbac,V1-V2,Netherlands,1,Day17,1_Day17,Block 3,28,Cow28,17,RF3.4.17a,keep,notkeep,notkeep,keep,keep,notkeep,keep
RF4.3.0a,CTGACCGG,CTGACCGG,3,p,"NG-9581_JJS1_lib122449_4549_1_1.fastq, NG-9581_JJS1_lib122449_4549_1_2.fastq",miseq_repeatbac,V1-V2,Netherlands,4,Day0,4_Day0,Block 4,5243,Cow5243,0,RF4.3.0a,keep,notkeep,keep,notkeep,notkeep,keep,keep
RF3.4.10a,CATCAGTT,CATCAGTT,3,p,"NG-9581_JJS1_lib122449_4549_1_1.fastq, NG-9581_JJS1_lib122449_4549_1_2.fastq",miseq_repeatbac,V1-V2,Netherlands,1,Day10,1_Day10,Block 3,28,Cow28,10,RF3.4.10a,keep,keep,notkeep,notkeep,keep,keep,notkeep
4.1.0a,CTGGATAA,CTGGATAA,1,p,"NG-7975_Jueeli1_combined_1_1.fastq, NG-7975_Jueeli1_combined_1_2.fastq  ",miseq_repeatbac,V1-V2,Netherlands,2,Day0,2_Day0,Block 4,5349,Cow5349,0,4.1.0a,notkeep,notkeep,notkeep,notkeep,notkeep,notkeep,notkeep
4.2.0a,ATAAGGTC,ATAAGGTC,1,p,"NG-7975_Jueeli1_combined_1_1.fastq, NG-7975_Jueeli1_combined_1_2.fastq  ",miseq_repeatbac,V1-V2,Netherlands,3,Day0,2_Day1,Block 4,29,Cow29,0,4.2.0a,notkeep,notkeep,notkeep,notkeep,notkeep,notkeep,notkeep
4.3.0a,AATAAGGA,AATAAGGA,1,p,"NG-7975_Jueeli1_combined_1_1.fastq, NG-7975_Jueeli1_combined_1_2.fastq  ",miseq_repeatbac,V1-V2,Netherlands,4,Day0,2_Day2,Block 4,5243,Cow5243,0,4.3.0a,notkeep,notkeep,notkeep,notkeep,notkeep,notkeep,notkeep
4.4.0a,TACTTATC,TACTTATC,1,p,"NG-7975_Jueeli1_combined_1_1.fastq, NG-7975_Jueeli1_combined_1_2.fastq  ",miseq_repeatbac,V1-V2,Netherlands,1,Day0,2_Day3,Block 4,26,Cow26,0,4.4.0a,notkeep,notkeep,notkeep,notkeep,notkeep,notkeep,notkeep
4.4.0b,ATCTCAGT,ATCTCAGT,1,p,"NG-7975_Jueeli1_combined_1_1.fastq, NG-7975_Jueeli1_combined_1_2.fastq  ",miseq_repeatbac,V1-V2,Netherlands,1,Day0,2_Day4,Block 4,26,Cow26,0,4.4.0b,notkeep,notkeep,notkeep,notkeep,notkeep,notkeep,notkeep
4.1.10a,ATGTTCCA,ATGTTCCA,1,p,"NG-7975_Jueeli1_combined_1_1.fastq, NG-7975_Jueeli1_combined_1_2.fastq  ",miseq_repeatbac,V1-V2,Netherlands,1,Day10,2_Day5,Block 4,26,Cow26,10,4.1.10a,notkeep,notkeep,notkeep,notkeep,notkeep,notkeep,notkeep
4.1.10b,CGTCTGAG,CGTCTGAG,1,p,"NG-7975_Jueeli1_combined_1_1.fastq, NG-7975_Jueeli1_combined_1_2.fastq  ",miseq_repeatbac,V1-V2,Netherlands,1,Day10,2_Day6,Block 4,26,Cow26,10,4.1.10b,notkeep,notkeep,notkeep,notkeep,notkeep,notkeep,notkeep
4.1.10c,CCAAGTCA,CCAAGTCA,1,p,"NG-7975_Jueeli1_combined_1_1.fastq, NG-7975_Jueeli1_combined_1_2.fastq  ",miseq_repeatbac,V1-V2,Netherlands,1,Day10,2_Day7,Block 4,26,Cow26,10,4.1.10c,notkeep,notkeep,notkeep,notkeep,notkeep,notkeep,notkeep
4.2.10a,GGAGTATG,GGAGTATG,1,p,"NG-7975_Jueeli1_combined_1_1.fastq, NG-7975_Jueeli1_combined_1_2.fastq  ",miseq_repeatbac,V1-V2,Netherlands,2,Day10,2_Day8,Block 4,5349,Cow5349,10,4.2.10a,notkeep,notkeep,notkeep,notkeep,notkeep,notkeep,notkeep
4.3.10a,TGGTTGAC,TGGTTGAC,1,p,"NG-7975_Jueeli1_combined_1_1.fastq, NG-7975_Jueeli1_combined_1_2.fastq  ",miseq_repeatbac,V1-V2,Netherlands,3,Day10,2_Day9,Block 4,29,Cow29,10,4.3.10a,notkeep,notkeep,notkeep,notkeep,notkeep,notkeep,notkeep
4.3.17b,TCAGGCGA,TCAGGCGA,1,p,"NG-7975_Jueeli1_combined_1_1.fastq, NG-7975_Jueeli1_combined_1_2.fastq  ",miseq_repeatbac,V1-V2,Netherlands,1,Day17,2_Day10,Block 4,26,Cow26,17,4.3.17b,notkeep,notkeep,notkeep,notkeep,notkeep,notkeep,notkeep
4.3.17c,AGAGATAA,AGAGATAA,1,p,"NG-7975_Jueeli1_combined_1_1.fastq, NG-7975_Jueeli1_combined_1_2.fastq  ",miseq_repeatbac,V1-V2,Netherlands,1,Day17,2_Day11,Block 4,26,Cow26,17,4.3.17c,notkeep,notkeep,notkeep,notkeep,notkeep,notkeep,notkeep
3.1.0b,GGAGCGCA,GGAGCGCA,1,p,"NG-7975_Jueeli1_combined_1_1.fastq, NG-7975_Jueeli1_combined_1_2.fastq  ",miseq_repeatbac,V1-V2,Netherlands,2,Day0,2_Day12,Block 3,16,Cow16,0,3.1.0b,notkeep,notkeep,notkeep,notkeep,notkeep,notkeep,notkeep
3.1.0c,CGACCGCG,CGACCGCG,1,p,"NG-7975_Jueeli1_combined_1_1.fastq, NG-7975_Jueeli1_combined_1_2.fastq  ",miseq_repeatbac,V1-V2,Netherlands,2,Day0,2_Day13,Block 3,16,Cow16,0,3.1.0c,notkeep,notkeep,notkeep,notkeep,notkeep,notkeep,notkeep
3.2.0a,CGTCCTCC,CGTCCTCC,1,p,"NG-7975_Jueeli1_combined_1_1.fastq, NG-7975_Jueeli1_combined_1_2.fastq  ",miseq_repeatbac,V1-V2,Netherlands,4,Day0,2_Day14,Block 3,14,Cow14,0,3.2.0a,notkeep,notkeep,notkeep,notkeep,notkeep,notkeep,notkeep
3.3.0a,AGTACTGA,AGTACTGA,1,p,"NG-7975_Jueeli1_combined_1_1.fastq, NG-7975_Jueeli1_combined_1_2.fastq  ",miseq_repeatbac,V1-V2,Netherlands,3,Day0,2_Day15,Block 3,5339,Cow5339,0,3.3.0a,notkeep,notkeep,notkeep,notkeep,notkeep,notkeep,notkeep
3.4.0a,CGCGCCAG,CGCGCCAG,1,p,"NG-7975_Jueeli1_combined_1_1.fastq, NG-7975_Jueeli1_combined_1_2.fastq  ",miseq_repeatbac,V1-V2,Netherlands,1,Day0,2_Day16,Block 3,28,Cow28,0,3.4.0a,notkeep,notkeep,notkeep,notkeep,notkeep,notkeep,notkeep
3.1.10a,TAATACGT,TAATACGT,1,p,"NG-7975_Jueeli1_combined_1_1.fastq, NG-7975_Jueeli1_combined_1_2.fastq  ",miseq_repeatbac,V1-V2,Netherlands,4,Day10,2_Day17,Block 3,14,Cow14,10,3.1.10a,notkeep,notkeep,notkeep,notkeep,notkeep,notkeep,notkeep
3.2.10a,TCGTCGCC,TCGTCGCC,1,p,"NG-7975_Jueeli1_combined_1_1.fastq, NG-7975_Jueeli1_combined_1_2.fastq  ",miseq_repeatbac,V1-V2,Netherlands,2,Day10,2_Day18,Block 3,16,Cow16,10,3.2.10a,notkeep,notkeep,notkeep,notkeep,notkeep,notkeep,notkeep
3.2.10c,CTGAGTTC,CTGAGTTC,1,p,"NG-7975_Jueeli1_combined_1_1.fastq, NG-7975_Jueeli1_combined_1_2.fastq  ",miseq_repeatbac,V1-V2,Netherlands,2,Day10,2_Day19,Block 3,16,Cow16,10,3.2.10c,notkeep,notkeep,notkeep,notkeep,notkeep,notkeep,notkeep
3.3.10a,TCTCTACC,TCTCTACC,1,p,"NG-7975_Jueeli1_combined_1_1.fastq, NG-7975_Jueeli1_combined_1_2.fastq  ",miseq_repeatbac,V1-V2,Netherlands,3,Day10,2_Day20,Block 3,5339,Cow5339,10,3.3.10a,notkeep,notkeep,notkeep,notkeep,notkeep,notkeep,notkeep
3.4.10a,CCGAGGCG,CCGAGGCG,1,p,"NG-7975_Jueeli1_combined_1_1.fastq, NG-7975_Jueeli1_combined_1_2.fastq  ",miseq_repeatbac,V1-V2,Netherlands,1,Day10,2_Day21,Block 3,28,Cow28,10,3.4.10a,notkeep,notkeep,notkeep,notkeep,notkeep,notkeep,notkeep
3.2.17a,AAGGTAAG,AAGGTAAG,1,p,"NG-7975_Jueeli1_combined_1_1.fastq, NG-7975_Jueeli1_combined_1_2.fastq  ",miseq_repeatbac,V1-V2,Netherlands,2,Day17,2_Day22,Block 3,16,Cow16,17,3.2.17a,notkeep,notkeep,notkeep,notkeep,notkeep,notkeep,notkeep
3.2.17b,ATGCGATT,ATGCGATT,1,p,"NG-7975_Jueeli1_combined_1_1.fastq, NG-7975_Jueeli1_combined_1_2.fastq  ",miseq_repeatbac,V1-V2,Netherlands,2,Day17,2_Day23,Block 3,16,Cow16,17,3.2.17b,notkeep,notkeep,notkeep,notkeep,notkeep,notkeep,notkeep
3.4.17a,TATATTGA,TATATTGA,1,p,"NG-7975_Jueeli1_combined_1_1.fastq, NG-7975_Jueeli1_combined_1_2.fastq  ",miseq_repeatbac,V1-V2,Netherlands,1,Day17,2_Day24,Block 3,28,Cow28,17,3.4.17a,notkeep,notkeep,notkeep,notkeep,notkeep,notkeep,notkeep
7.2.0a,TCCAGCTC,TCCAGCTC,1,p,"NG-7975_Jueeli1_combined_1_1.fastq, NG-7975_Jueeli1_combined_1_2.fastq  ",miseq_repeatbac,V1-V2,Netherlands,3,Day0,2_Day25,Block 7,4354,Cow4354,0,7.2.0a,notkeep,notkeep,notkeep,notkeep,notkeep,notkeep,notkeep
7.2.0b,GCTTGATG,GCTTGATG,1,p,"NG-7975_Jueeli1_combined_1_1.fastq, NG-7975_Jueeli1_combined_1_2.fastq  ",miseq_repeatbac,V1-V2,Netherlands,3,Day0,2_Day26,Block 7,4354,Cow4354,0,7.2.0b,notkeep,notkeep,notkeep,notkeep,notkeep,notkeep,notkeep
7.4.0a,CTGACCGG,CTGACCGG,1,p,"NG-7975_Jueeli1_combined_1_1.fastq, NG-7975_Jueeli1_combined_1_2.fastq  ",miseq_repeatbac,V1-V2,Netherlands,4,Day0,2_Day27,Block 7,5356,Cow5356,0,7.4.0a,notkeep,notkeep,notkeep,notkeep,notkeep,notkeep,notkeep
7.3.10a,TACCTACT,TACCTACT,1,p,"NG-7975_Jueeli1_combined_1_1.fastq, NG-7975_Jueeli1_combined_1_2.fastq  ",miseq_repeatbac,V1-V2,Netherlands,3,Day10,2_Day28,Block 7,4354,Cow4354,10,7.3.10a,notkeep,notkeep,notkeep,notkeep,notkeep,notkeep,notkeep
7.3.10b,TGCCTCTC,TGCCTCTC,1,p,"NG-7975_Jueeli1_combined_1_1.fastq, NG-7975_Jueeli1_combined_1_2.fastq  ",miseq_repeatbac,V1-V2,Netherlands,3,Day10,2_Day29,Block 7,4354,Cow4354,10,7.3.10b,notkeep,notkeep,notkeep,notkeep,notkeep,notkeep,notkeep
7.3.10c,CTGGATAA,CTGGATAA,2,p,"NG-7975_Jueeli2_combined_1_1.fastq, NG-7975_Jueeli2_combined_1_2.fastq  ",miseq_repeatbac,V1-V2,Netherlands,3,Day10,2_Day30,Block 7,4354,Cow4354,10,7.3.10c,notkeep,notkeep,notkeep,notkeep,notkeep,notkeep,notkeep
7.3.17b,GTCAACGT,GTCAACGT,2,p,"NG-7975_Jueeli2_combined_1_1.fastq, NG-7975_Jueeli2_combined_1_2.fastq  ",miseq_repeatbac,V1-V2,Netherlands,4,Day17,2_Day31,Block 7,5356,Cow5356,17,7.3.17b,notkeep,notkeep,notkeep,notkeep,notkeep,notkeep,notkeep
7.3.17c,ATGTTCCA,ATGTTCCA,2,p,"NG-7975_Jueeli2_combined_1_1.fastq, NG-7975_Jueeli2_combined_1_2.fastq  ",miseq_repeatbac,V1-V2,Netherlands,4,Day17,2_Day32,Block 7,5356,Cow5356,17,7.3.17c,notkeep,notkeep,notkeep,notkeep,notkeep,notkeep,notkeep
FC4.1.0a,CCAAGTCA,CCAAGTCA,2,p,"NG-7975_Jueeli2_combined_1_1.fastq, NG-7975_Jueeli2_combined_1_2.fastq  ",miseq_repeatbac,V1-V2,Netherlands,2,Day0,2_Day33,BlockF4,5349,Cow5349,0,FC4.1.0a,notkeep,notkeep,notkeep,notkeep,notkeep,notkeep,notkeep
FC4.2.0a,GGAGTATG,GGAGTATG,2,p,"NG-7975_Jueeli2_combined_1_1.fastq, NG-7975_Jueeli2_combined_1_2.fastq  ",miseq_repeatbac,V1-V2,Netherlands,3,Day0,2_Day34,BlockF4,29,Cow29,0,FC4.2.0a,notkeep,notkeep,notkeep,notkeep,notkeep,notkeep,notkeep
FC4.3.0a,TGGTTGAC,TGGTTGAC,2,p,"NG-7975_Jueeli2_combined_1_1.fastq, NG-7975_Jueeli2_combined_1_2.fastq  ",miseq_repeatbac,V1-V2,Netherlands,4,Day0,2_Day35,BlockF4,5243,Cow5243,0,FC4.3.0a,notkeep,notkeep,notkeep,notkeep,notkeep,notkeep,notkeep
FC4.4.0a,GCCTCATC,GCCTCATC,2,p,"NG-7975_Jueeli2_combined_1_1.fastq, NG-7975_Jueeli2_combined_1_2.fastq  ",miseq_repeatbac,V1-V2,Netherlands,1,Day0,2_Day36,BlockF4,26,Cow26,0,FC4.4.0a,notkeep,notkeep,notkeep,notkeep,notkeep,notkeep,notkeep
FC4.4.0b,TTCTGAAC,TTCTGAAC,2,p,"NG-7975_Jueeli2_combined_1_1.fastq, NG-7975_Jueeli2_combined_1_2.fastq  ",miseq_repeatbac,V1-V2,Netherlands,1,Day0,2_Day37,BlockF4,26,Cow26,0,FC4.4.0b,notkeep,notkeep,notkeep,notkeep,notkeep,notkeep,notkeep
FC4.4.0c,GAGTTCAT,GAGTTCAT,2,p,"NG-7975_Jueeli2_combined_1_1.fastq, NG-7975_Jueeli2_combined_1_2.fastq  ",miseq_repeatbac,V1-V2,Netherlands,1,Day0,2_Day38,BlockF4,26,Cow26,0,FC4.4.0c,notkeep,notkeep,notkeep,notkeep,notkeep,notkeep,notkeep
FC4.1.10a,CTTCATGG,CTTCATGG,2,p,"NG-7975_Jueeli2_combined_1_1.fastq, NG-7975_Jueeli2_combined_1_2.fastq  ",miseq_repeatbac,V1-V2,Netherlands,1,Day10,2_Day39,BlockF4,26,Cow26,10,FC4.1.10a,notkeep,notkeep,notkeep,notkeep,notkeep,notkeep,notkeep
FC4.1.10b,TCAGGCGA,TCAGGCGA,2,p,"NG-7975_Jueeli2_combined_1_1.fastq, NG-7975_Jueeli2_combined_1_2.fastq  ",miseq_repeatbac,V1-V2,Netherlands,1,Day10,2_Day40,BlockF4,26,Cow26,10,FC4.1.10b,notkeep,notkeep,notkeep,notkeep,notkeep,notkeep,notkeep
FC4.1.10c,AGAGATAA,AGAGATAA,2,p,"NG-7975_Jueeli2_combined_1_1.fastq, NG-7975_Jueeli2_combined_1_2.fastq  ",miseq_repeatbac,V1-V2,Netherlands,1,Day10,2_Day41,BlockF4,26,Cow26,10,FC4.1.10c,notkeep,notkeep,notkeep,notkeep,notkeep,notkeep,notkeep
FC4.2.10a,GGTCAGAT,GGTCAGAT,2,p,"NG-7975_Jueeli2_combined_1_1.fastq, NG-7975_Jueeli2_combined_1_2.fastq  ",miseq_repeatbac,V1-V2,Netherlands,2,Day10,2_Day42,BlockF4,5349,Cow5349,10,FC4.2.10a,notkeep,notkeep,notkeep,notkeep,notkeep,notkeep,notkeep
FC4.3.10a,CCGTCTGC,CCGTCTGC,2,p,"NG-7975_Jueeli2_combined_1_1.fastq, NG-7975_Jueeli2_combined_1_2.fastq  ",miseq_repeatbac,V1-V2,Netherlands,3,Day10,2_Day43,BlockF4,29,Cow29,10,FC4.3.10a,notkeep,notkeep,notkeep,notkeep,notkeep,notkeep,notkeep
FC4.4.10a,GGAGCGCA,GGAGCGCA,2,p,"NG-7975_Jueeli2_combined_1_1.fastq, NG-7975_Jueeli2_combined_1_2.fastq  ",miseq_repeatbac,V1-V2,Netherlands,4,Day10,2_Day44,BlockF4,5243,Cow5243,10,FC4.4.10a,notkeep,notkeep,notkeep,notkeep,notkeep,notkeep,notkeep
FC4.1.17a,CGACCGCG,CGACCGCG,2,p,"NG-7975_Jueeli2_combined_1_1.fastq, NG-7975_Jueeli2_combined_1_2.fastq  ",miseq_repeatbac,V1-V2,Netherlands,4,Day17,2_Day45,BlockF4,5243,Cow5243,17,FC4.1.17a,notkeep,notkeep,notkeep,notkeep,notkeep,notkeep,notkeep
FC4.2.17a,CGTCCTCC,CGTCCTCC,2,p,"NG-7975_Jueeli2_combined_1_1.fastq, NG-7975_Jueeli2_combined_1_2.fastq  ",miseq_repeatbac,V1-V2,Netherlands,3,Day17,2_Day46,BlockF4,29,Cow29,17,FC4.2.17a,notkeep,notkeep,notkeep,notkeep,notkeep,notkeep,notkeep
FC4.3.17a,AGTACTGA,AGTACTGA,2,p,"NG-7975_Jueeli2_combined_1_1.fastq, NG-7975_Jueeli2_combined_1_2.fastq  ",miseq_repeatbac,V1-V2,Netherlands,1,Day17,2_Day47,BlockF4,26,Cow26,17,FC4.3.17a,notkeep,notkeep,notkeep,notkeep,notkeep,notkeep,notkeep
FC4.3.17b,CGCGCCAG,CGCGCCAG,2,p,"NG-7975_Jueeli2_combined_1_1.fastq, NG-7975_Jueeli2_combined_1_2.fastq  ",miseq_repeatbac,V1-V2,Netherlands,1,Day17,2_Day48,BlockF4,26,Cow26,17,FC4.3.17b,notkeep,notkeep,notkeep,notkeep,notkeep,notkeep,notkeep
FC4.3.17c,TAATACGT,TAATACGT,2,p,"NG-7975_Jueeli2_combined_1_1.fastq, NG-7975_Jueeli2_combined_1_2.fastq  ",miseq_repeatbac,V1-V2,Netherlands,1,Day17,2_Day49,BlockF4,26,Cow26,17,FC4.3.17c,notkeep,notkeep,notkeep,notkeep,notkeep,notkeep,notkeep
FC4.4.17a,TCGTCGCC,TCGTCGCC,2,p,"NG-7975_Jueeli2_combined_1_1.fastq, NG-7975_Jueeli2_combined_1_2.fastq  ",miseq_repeatbac,V1-V2,Netherlands,2,Day17,2_Day50,BlockF4,5349,Cow5349,17,FC4.4.17a,notkeep,notkeep,notkeep,notkeep,notkeep,notkeep,notkeep
GS.Cellulose.SE5a,GGCCAGTA,GGCCAGTA,2,p,"NG-7975_Jueeli2_combined_1_1.fastq, NG-7975_Jueeli2_combined_1_2.fastq  ",miseq_repeatbac,V1-V2,Netherlands,GS.Cellulose.SE5a,Day17,2_Day51,BlockF4,26,Cow26,17,GS.Cellulose.SE5a,notkeep,notkeep,notkeep,notkeep,notkeep,notkeep,notkeep
GS.Xylan.SE5a,CTGAGTTC,CTGAGTTC,2,p,"NG-7975_Jueeli2_combined_1_1.fastq, NG-7975_Jueeli2_combined_1_2.fastq  ",miseq_repeatbac,V1-V2,Netherlands,GS.Xylan.SE5a,Day17,2_Day52,BlockF4,26,Cow26,17,GS.Xylan.SE5a,notkeep,notkeep,notkeep,notkeep,notkeep,notkeep,notkeep
GS.Amylopectin.SE5a,TCTCTACC,TCTCTACC,2,p,"NG-7975_Jueeli2_combined_1_1.fastq, NG-7975_Jueeli2_combined_1_2.fastq  ",miseq_repeatbac,V1-V2,Netherlands,GS.Amylopectin.SE5a,Day17,2_Day53,BlockF4,26,Cow26,17,GS.Amylopectin.SE5a,notkeep,notkeep,notkeep,notkeep,notkeep,notkeep,notkeep
GS.Glycerolstock,CCGAGGCG,CCGAGGCG,2,p,"NG-7975_Jueeli2_combined_1_1.fastq, NG-7975_Jueeli2_combined_1_2.fastq  ",miseq_repeatbac,V1-V2,Netherlands,GS.Glycerolstock,Day17,2_Day54,BlockF4,26,Cow26,17,GS.Glycerolstock,notkeep,notkeep,notkeep,notkeep,notkeep,notkeep,notkeep
GS.fibre.SE5a,GAAGCTCG,GAAGCTCG,2,p,"NG-7975_Jueeli2_combined_1_1.fastq, NG-7975_Jueeli2_combined_1_2.fastq  ",miseq_repeatbac,V1-V2,Netherlands,GS.fibre.SE5a,Day17,2_Day55,BlockF4,26,Cow26,17,GS.fibre.SE5a,notkeep,notkeep,notkeep,notkeep,notkeep,notkeep,notkeep
MS.Cellulose.SE5a,AAGGTAAG,AAGGTAAG,2,p,"NG-7975_Jueeli2_combined_1_1.fastq, NG-7975_Jueeli2_combined_1_2.fastq  ",miseq_repeatbac,V1-V2,Netherlands,MS.Cellulose.SE5a,Day17,2_Day56,BlockF4,5243,Cow5243,17,MS.Cellulose.SE5a,notkeep,notkeep,notkeep,notkeep,notkeep,notkeep,notkeep
MS.Xylan.SE5a,ATGCGATT,ATGCGATT,2,p,"NG-7975_Jueeli2_combined_1_1.fastq, NG-7975_Jueeli2_combined_1_2.fastq  ",miseq_repeatbac,V1-V2,Netherlands,MS.Xylan.SE5a,Day17,2_Day57,BlockF4,5243,Cow5243,17,MS.Xylan.SE5a,notkeep,notkeep,notkeep,notkeep,notkeep,notkeep,notkeep
MS.Amylopectin.SE5a,AAGATCGT,AAGATCGT,2,p,"NG-7975_Jueeli2_combined_1_1.fastq, NG-7975_Jueeli2_combined_1_2.fastq  ",miseq_repeatbac,V1-V2,Netherlands,MS.Amylopectin.SE5a,Day17,2_Day58,BlockF4,5243,Cow5243,17,MS.Amylopectin.SE5a,notkeep,notkeep,notkeep,notkeep,notkeep,notkeep,notkeep
MS.Glycerolstock,ATATAGGA,ATATAGGA,2,p,"NG-7975_Jueeli2_combined_1_1.fastq, NG-7975_Jueeli2_combined_1_2.fastq  ",miseq_repeatbac,V1-V2,Netherlands,MS.Glycerolstock,Day17,2_Day59,BlockF4,5243,Cow5243,17,MS.Glycerolstock,notkeep,notkeep,notkeep,notkeep,notkeep,notkeep,notkeep
MS.fibre.SE5a,TATATTGA,TATATTGA,2,p,"NG-7975_Jueeli2_combined_1_1.fastq, NG-7975_Jueeli2_combined_1_2.fastq  ",miseq_repeatbac,V1-V2,Netherlands,MS.fibre.SE5a,Day17,2_Day60,BlockF4,5243,Cow5243,17,MS.fibre.SE5a,notkeep,notkeep,notkeep,notkeep,notkeep,notkeep,notkeep
Mock.community.1a,GATGATAA,GATGATAA,2,p,"NG-7975_Jueeli1_combined_1_1.fastq, NG-7975_Jueeli1_combined_1_2.fastq  ",miseq_repeatbac,V1-V2,Netherlands,Mock.community.1a,Day0,2_Day61,BlockF4,0,Cow0,0,Mock.community.1a,notkeep,notkeep,notkeep,notkeep,notkeep,notkeep,notkeep
Mock.community.2a,ACTGCTCT,ACTGCTCT,2,p,"NG-7975_Jueeli1_combined_1_1.fastq, NG-7975_Jueeli1_combined_1_2.fastq  ",miseq_repeatbac,V1-V2,Netherlands,Mock.community.2a,Day0,2_Day62,BlockF4,0,Cow0,0,Mock.community.2a,notkeep,notkeep,notkeep,notkeep,notkeep,notkeep,notkeep
MS.Cellulose.SE5b,GGCCAGTA,GGCCAGTA,3,p,"NG-9581_JJS1_lib122449_4549_1_1.fastq, NG-9581_JJS1_lib122449_4549_1_2.fastq",miseq_repeatbac,V1-V2,Netherlands,4,Day17,2_Day63,Block 4,5243,Cow5243,17,MS.Cellulose.SE5b,notkeep,notkeep,notkeep,notkeep,notkeep,notkeep,notkeep
MS.Xylan.SE5b,CTGAGTTC,CTGAGTTC,3,p,"NG-9581_JJS1_lib122449_4549_1_1.fastq, NG-9581_JJS1_lib122449_4549_1_2.fastq",miseq_repeatbac,V1-V2,Netherlands,4,Day17,2_Day64,Block 4,5243,Cow5243,17,MS.Xylan.SE5b,notkeep,notkeep,notkeep,notkeep,notkeep,notkeep,notkeep
GS.Glycerolb,GTAAGAAG,GTAAGAAG,3,p,"NG-9581_JJS1_lib122449_4549_1_1.fastq, NG-9581_JJS1_lib122449_4549_1_2.fastq",miseq_repeatbac,V1-V2,Netherlands,1,Day0,2_Day65,Block 4,26,Cow26,17,GS.Glycerolb,notkeep,notkeep,notkeep,notkeep,notkeep,notkeep,notkeep
Mock.community.3a,GATGATAA,GATGATAA,3,p,"NG-9581_JJS1_lib122449_4549_1_1.fastq, NG-9581_JJS1_lib122449_4549_1_2.fastq",miseq_repeatbac,V1-V2,Netherlands,1,Day0,2_Day66,Block 0,0,Cow0,0,Mock.community.3a,notkeep,notkeep,notkeep,notkeep,notkeep,notkeep,notkeep
