#SampleID,BarcodeSequence,Library,Direction,LibraryName,ProjectName,Country,Cow,Block,Diet,Day,Timepoint,Day_Timepoint,Reads,Samples,Description,Day0,Day10,Day17,Day0_10,Day10_17,Day0_17
RF3.4.0a,ATCTCAGT,2,p,"NG-8515_Jueeli_lib89984_4093_1_1.fastq, NG-8515_Jueeli_lib89984_4093_1_2.fastq",miseq_archaea,Netherlands,28,3,1_GS100,0,Day0,0_Day0,99490,keep,RF3.4.0a,keep,notkeep,notkeep,keep,notkeep,keep
RF.3.4.10a,TGGTTGAC,2,p,"NG-8515_Jueeli_lib89984_4093_1_1.fastq, NG-8515_Jueeli_lib89984_4093_1_2.fastq",miseq_archaea,Netherlands,28,3,1_GS100,10,Day10,10_Day10,25199,keep,RF.3.4.10a,notkeep,keep,notkeep,keep,keep,notkeep
RF.3.4.17a,AGAGATAA,2,p,"NG-8515_Jueeli_lib89984_4093_1_1.fastq, NG-8515_Jueeli_lib89984_4093_1_2.fastq",miseq_archaea,Netherlands,28,3,1_GS100,17,Day17,17_Day17,92710,keep,RF.3.4.17a,notkeep,notkeep,keep,notkeep,keep,keep
RF.4.4.0c,GTCAACGT,1,p,"NG-8515_YJL_lib89983_4093_1_1.fastq, NG-8515_YJL_lib89983_4093_1_2.fastq",miseq_archaea,Netherlands,26,4,1_GS100,0,Day0,0_Day0,37174,keep,RF.4.4.0c,keep,notkeep,notkeep,keep,notkeep,keep
RF.4.1.10c,CCAAGTCA,1,p,"NG-8515_YJL_lib89983_4093_1_1.fastq, NG-8515_YJL_lib89983_4093_1_2.fastq",miseq_archaea,Netherlands,26,4,1_GS100,10,Day10,10_Day10,81015,keep,RF.4.1.10c,notkeep,keep,notkeep,keep,keep,notkeep
RF.4.3.17a,CTTCATGG,1,p,"NG-8515_YJL_lib89983_4093_1_1.fastq, NG-8515_YJL_lib89983_4093_1_2.fastq",miseq_archaea,Netherlands,26,4,1_GS100,17,Day17,17_Day17,74487,keep,RF.4.3.17a,notkeep,notkeep,keep,notkeep,keep,keep
RF.7.1.0a,GGTCAGAT,2,p,"NG-8515_Jueeli_lib89984_4093_1_1.fastq, NG-8515_Jueeli_lib89984_4093_1_2.fastq",miseq_archaea,Netherlands,15,7,1_GS100,0,Day0,0_Day0,72479,keep,RF.7.1.0a,keep,notkeep,notkeep,keep,notkeep,keep
RF.7.1.10a,TAATACGT,2,p,"NG-8515_Jueeli_lib89984_4093_1_1.fastq, NG-8515_Jueeli_lib89984_4093_1_2.fastq",miseq_archaea,Netherlands,15,7,1_GS100,10,Day10,10_Day10,61919,keep,RF.7.1.10a,notkeep,keep,notkeep,keep,keep,notkeep
RF.7.4.17a,TATATTGA,2,p,"NG-8515_Jueeli_lib89984_4093_1_1.fastq, NG-8515_Jueeli_lib89984_4093_1_2.fastq",miseq_archaea,Netherlands,15,7,1_GS100,17,Day17,17_Day17,32708,keep,RF.7.4.17a,notkeep,notkeep,keep,notkeep,keep,keep
RF.3.3.0a,TACTTATC,2,p,"NG-8515_Jueeli_lib89984_4093_1_1.fastq, NG-8515_Jueeli_lib89984_4093_1_2.fastq",miseq_archaea,Netherlands,5339,3,3_GS33MS67,0,Day0,0_Day0,39258,keep,RF.3.3.0a,keep,notkeep,notkeep,keep,notkeep,keep
RF.3.3.10a,GGAGTATG,2,p,"NG-8515_Jueeli_lib89984_4093_1_1.fastq, NG-8515_Jueeli_lib89984_4093_1_2.fastq",miseq_archaea,Netherlands,5339,3,3_GS33MS67,10,Day10,10_Day10,84764,keep,RF.3.3.10a,notkeep,keep,notkeep,keep,keep,notkeep
RF.3.3.17a,TCAGGCGA,2,p,"NG-8515_Jueeli_lib89984_4093_1_1.fastq, NG-8515_Jueeli_lib89984_4093_1_2.fastq",miseq_archaea,Netherlands,5339,3,3_GS33MS67,17,Day17,17_Day17,5475,keep,RF.3.3.17a,notkeep,notkeep,keep,notkeep,keep,keep
RF.4.2.0b,ATAAGGTC,1,p,"NG-8515_YJL_lib89983_4093_1_1.fastq, NG-8515_YJL_lib89983_4093_1_2.fastq",miseq_archaea,Netherlands,29,4,3_GS33MS67,0,Day0,0_Day0,160600,keep,RF.4.2.0b,keep,notkeep,notkeep,keep,notkeep,keep
RF.4.3.10a,TGGTTGAC,1,p,"NG-8515_YJL_lib89983_4093_1_1.fastq, NG-8515_YJL_lib89983_4093_1_2.fastq",miseq_archaea,Netherlands,29,4,3_GS33MS67,10,Day10,10_Day10,26528,keep,RF.4.3.10a,notkeep,keep,notkeep,keep,keep,notkeep
RF.4.2.17a,GAGTTCAT,1,p,"NG-8515_YJL_lib89983_4093_1_1.fastq, NG-8515_YJL_lib89983_4093_1_2.fastq",miseq_archaea,Netherlands,29,4,3_GS33MS67,17,Day17,17_Day17,78253,keep,RF.4.2.17a,notkeep,notkeep,keep,notkeep,keep,keep
RF.7.2.0c,CGACCGCG,2,p,"NG-8515_Jueeli_lib89984_4093_1_1.fastq, NG-8515_Jueeli_lib89984_4093_1_2.fastq",miseq_archaea,Netherlands,4354,7,3_GS33MS67,0,Day0,0_Day0,100351,keep,RF.7.2.0c,keep,notkeep,notkeep,keep,notkeep,keep
RF.7.3.10a,GGCCAGTA,2,p,"NG-8515_Jueeli_lib89984_4093_1_1.fastq, NG-8515_Jueeli_lib89984_4093_1_2.fastq",miseq_archaea,Netherlands,4354,7,3_GS33MS67,10,Day10,10_Day10,98134,keep,RF.7.3.10a,notkeep,keep,notkeep,keep,keep,notkeep
RF.7.1.17c,ATGCGATT,2,p,"NG-8515_Jueeli_lib89984_4093_1_1.fastq, NG-8515_Jueeli_lib89984_4093_1_2.fastq",miseq_archaea,Netherlands,4354,7,3_GS33MS67,17,Day17,17_Day17,175168,keep,RF.7.1.17c,notkeep,notkeep,keep,notkeep,keep,keep
RF.3.1.0a,CCGTCTGC,1,p,"NG-8515_YJL_lib89983_4093_1_1.fastq, NG-8515_YJL_lib89983_4093_1_2.fastq",miseq_archaea,Netherlands,16,3,2_GS67MS33,0,Day0,0_Day0,62703,keep,RF.3.1.0a,keep,notkeep,notkeep,keep,notkeep,keep
RF.3.2.10b,CGTCTGAG,2,p,"NG-8515_Jueeli_lib89984_4093_1_1.fastq, NG-8515_Jueeli_lib89984_4093_1_2.fastq",miseq_archaea,Netherlands,16,3,2_GS67MS33,10,Day10,10_Day10,50495,keep,RF.3.2.10b,notkeep,keep,notkeep,keep,keep,notkeep
RF.3.2.17c,CTTCATGG,2,p,"NG-8515_Jueeli_lib89984_4093_1_1.fastq, NG-8515_Jueeli_lib89984_4093_1_2.fastq",miseq_archaea,Netherlands,16,3,2_GS67MS33,17,Day17,17_Day17,83715,keep,RF.3.2.17c,notkeep,notkeep,keep,notkeep,keep,keep
RF.4.1.0a,CTGGATAA,1,p,"NG-8515_YJL_lib89983_4093_1_1.fastq, NG-8515_YJL_lib89983_4093_1_2.fastq",miseq_archaea,Netherlands,5349,4,2_GS67MS33,0,Day0,0_Day0,69989,keep,RF.4.1.0a,keep,notkeep,notkeep,keep,notkeep,keep
RF.4.2.10a,GGAGTATG,1,p,"NG-8515_YJL_lib89983_4093_1_1.fastq, NG-8515_YJL_lib89983_4093_1_2.fastq",miseq_archaea,Netherlands,5349,4,2_GS67MS33,10,Day10,10_Day10,74643,keep,RF.4.2.10a,notkeep,keep,notkeep,keep,keep,notkeep
RF.4.4.17a,GGTCAGAT,1,p,"NG-8515_YJL_lib89983_4093_1_1.fastq, NG-8515_YJL_lib89983_4093_1_2.fastq",miseq_archaea,Netherlands,5349,4,2_GS67MS33,17,Day17,17_Day17,71476,keep,RF.4.4.17a,notkeep,notkeep,keep,notkeep,keep,keep
RF.7.3.0a,CGTCCTCC,2,p,"NG-8515_Jueeli_lib89984_4093_1_1.fastq, NG-8515_Jueeli_lib89984_4093_1_2.fastq",miseq_archaea,Netherlands,511,7,2_GS67MS33,0,Day0,0_Day0,65783,keep,RF.7.3.0a,keep,notkeep,notkeep,keep,notkeep,keep
RF.7.2.10a,TCGTCGCC,2,p,"NG-8515_Jueeli_lib89984_4093_1_1.fastq, NG-8515_Jueeli_lib89984_4093_1_2.fastq",miseq_archaea,Netherlands,511,7,2_GS67MS33,10,Day10,10_Day10,5803,keep,RF.7.2.10a,notkeep,keep,notkeep,keep,keep,notkeep
RF.7.2.17a,AAGATCGT,2,p,"NG-8515_Jueeli_lib89984_4093_1_1.fastq, NG-8515_Jueeli_lib89984_4093_1_2.fastq",miseq_archaea,Netherlands,511,7,2_GS67MS33,17,Day17,17_Day17,186041,keep,RF.7.2.17a,notkeep,notkeep,keep,notkeep,keep,keep
RF.3.2.0a,AATAAGGA,2,p,"NG-8515_Jueeli_lib89984_4093_1_1.fastq, NG-8515_Jueeli_lib89984_4093_1_2.fastq",miseq_archaea,Netherlands,14,3,4_MS100,0,Day0,0_Day0,146115,keep,RF.3.2.0a,keep,notkeep,notkeep,keep,notkeep,keep
RF3.1.10a,GTCAACGT,2,p,"NG-8515_Jueeli_lib89984_4093_1_1.fastq, NG-8515_Jueeli_lib89984_4093_1_2.fastq",miseq_archaea,Netherlands,14,3,4_MS100,10,Day10,10_Day10,94261,keep,RF3.1.10a,notkeep,keep,notkeep,keep,keep,notkeep
RF.3.1.17a,GCCTCATC,2,p,"NG-8515_Jueeli_lib89984_4093_1_1.fastq, NG-8515_Jueeli_lib89984_4093_1_2.fastq",miseq_archaea,Netherlands,14,3,4_MS100,17,Day17,17_Day17,59839,keep,RF.3.1.17a,notkeep,notkeep,keep,notkeep,keep,keep
RF.4.3.0a,AATAAGGA,1,p,"NG-8515_YJL_lib89983_4093_1_1.fastq, NG-8515_YJL_lib89983_4093_1_2.fastq",miseq_archaea,Netherlands,5243,4,4_MS100,0,Day0,0_Day0,128899,keep,RF.4.3.0a,keep,notkeep,notkeep,keep,notkeep,keep
RF.4.4.10a,GCCTCATC,1,p,"NG-8515_YJL_lib89983_4093_1_1.fastq, NG-8515_YJL_lib89983_4093_1_2.fastq",miseq_archaea,Netherlands,5243,4,4_MS100,10,Day10,10_Day10,72282,keep,RF.4.4.10a,notkeep,keep,notkeep,keep,keep,notkeep
RF.4.1.17a,TTCTGAAC,1,p,"NG-8515_YJL_lib89983_4093_1_1.fastq, NG-8515_YJL_lib89983_4093_1_2.fastq",miseq_archaea,Netherlands,5243,4,4_MS100,17,Day17,17_Day17,22347,keep,RF.4.1.17a,notkeep,notkeep,keep,notkeep,keep,keep
RF.7.4.0a,CGCGCCAG,2,p,"NG-8515_Jueeli_lib89984_4093_1_1.fastq, NG-8515_Jueeli_lib89984_4093_1_2.fastq",miseq_archaea,Netherlands,5356,7,4_MS100,0,Day0,0_Day0,42464,keep,RF.7.4.0a,keep,notkeep,notkeep,keep,notkeep,keep
RF.7.4.10a,CCGAGGCG,2,p,"NG-8515_Jueeli_lib89984_4093_1_1.fastq, NG-8515_Jueeli_lib89984_4093_1_2.fastq",miseq_archaea,Netherlands,5356,7,4_MS100,10,Day10,10_Day10,42281,keep,RF.7.4.10a,notkeep,keep,notkeep,keep,keep,notkeep
RF.7.3.17a,ATATAGGA,2,p,"NG-8515_Jueeli_lib89984_4093_1_1.fastq, NG-8515_Jueeli_lib89984_4093_1_2.fastq",miseq_archaea,Netherlands,5356,7,4_MS100,17,Day17,17_Day17,49911,keep,RF.7.3.17a,notkeep,notkeep,keep,notkeep,keep,keep
